episode,reward,steps,distance_traveled
0,532.4987556021811,499,4848.302734375
0,802.9450080757911,384,3408.88720703125
