episode,reward,steps,distance_traveled
0,-348.44394,219,1263.1871
0,-348.44394,219,1263.1871
1,-354.61459539169255,294,1817.9808
