episode,reward,steps,distance_traveled
0,2489.123941923342,500,4482.26171875
1,2056.3113100831088,500,4807.23828125
2,2484.035066173935,500,5289.11083984375
3,1664.5889884346354,454,3232.0224609375
0,1793.60315047814,500,5084.34765625
1,1984.9309633705825,500,5460.54296875
