episode,reward,steps,distance_traveled
0,1991.5852691824684,500,4937.38427734375
1,1987.6796220254337,500,3926.898193359375
0,656.0826076117778,305,2921.291748046875
1,1600.1378379124417,500,4032.53955078125
