episode,reward,steps,distance_traveled
0,2675.7673608230552,500,5269.466796875
0,1043.086783261019,173,1715.311767578125
0,801.0313532986064,159,1512.0740966796875
1,2372.942585226136,500,4081.29248046875
2,2359.322982404202,500,6399.5341796875
3,1962.7887243889472,500,6635.44482421875
4,2260.9401739298883,500,4529.85888671875
5,2212.0649050857032,500,4974.43408203125
