episode,reward,steps,distance_traveled
0,2189.540693822728,500,4634.16552734375
0,2376.2633839895198,500,4320.27001953125
0,1182.0963586660848,252,2512.428466796875
1,2351.901737281917,500,6453.16650390625
2,2498.607173534847,500,5257.408203125
