episode,reward,steps,distance_traveled
0,-78.59742874242366,15,220.46597
1,-76.23435169234872,11,82.24783
2,-69.55495957508684,14,186.749
3,-66.15670611560346,12,99.46944
4,-92.1220426529646,25,329.76474
