episode,reward,steps,distance_traveled
0,-234.65476075349332,135,1456.065185546875
