episode,reward,steps,distance_traveled
0,-600.1757879404983,25,185.70733642578125
1,-514.7736847615772,17,249.52182006835938
2,-568.4550742089991,30,364.5814514160156
3,-504.47756026185095,34,182.0819091796875
4,-144.76548735023056,16,195.11325073242188
5,-163.4400717555983,13,160.36367797851562
6,-509.8286769373342,66,309.22698974609375
