episode,reward,steps,distance_traveled
0,1903.060895325964,500,5259.3086
1,1844.6219332029432,500,6083.048
0,1539.074185462078,500,3897.8018
1,1537.304355031103,500,3857.6057
0,1431.7620558855074,500,4913.812
