episode,reward,steps,distance_traveled
0,69.32175513300675,83,716.0808715820312
