episode,reward,steps,distance_traveled
0,-592.6635573197686,186,1877.372314453125
1,100.77921602968547,361,3424.894775390625
2,61.4852830851071,23,244.38409423828125
3,-568.3240825310509,55,604.6557006835938
4,431.3544246030724,268,2677.098876953125
0,37.05164448253252,20,173.8436279296875
1,1087.8287553964885,500,3104.591796875
0,832.2543741746557,500,4613.55078125
1,878.4201878355519,500,3647.84033203125
